review,label
nyaman bersih tv tidakbisa lihat,pos
hotel bersih nyaman keyika masuk kamar bau bekas asap rokok,pos
bersih nyaman asri sayang air mati lokasi bkn d jalan utama,pos
kamar bersih nyaman sarap minimal menu air panas tidakberfungsi,pos
bersih tempat suka air panas macet kmrn,pos
bersih nyaman wifi lola banget,pos
kamar bagus rapi bersih wangi sayang kamar tempat ac nya dingin air panas nya makan tidakenak porsi nya takar,pos
bersih kamar nyaman wifi tidakbisa connect,pos
kamar bersih air panas tidakteesedia,pos
haha kolam renang tau anak kali ya tangga kamar luas bersih air kamar mandi shower ganti wifi kamar lantai tangga bawa barang ngos an untung,pos
nyamna bersih air panas dinyalain dingin,pos
kamar bersih nyaman toilet bersih hot shower tidakada sarap enak channel tv tidakbagus butuh baik antena salur,pos
lumayan harga inap mahal tengah kota tempat bersih bising cocok istirahat saran nih ya tv nya enggak bisa tonton gambar kayak gelep hehe over all sih nyaman wifi nya hiks anak kuliah traveling backpaker reccomended nih bawah laundry an nya lumayan tidur tunggu baju laundry hihi kemarin sih kesana pesan kamar orang teman tinggal pesawat sepi hening,pos
kamar bersih nyaman cuman sayang air panas mati mohon tunjuk arah kiblat mudah muslim jalan sholat lebih good service thanks airy,pos
kualitas bersih benah wifi nya sinyal hape jelek,pos
kamar ok bersih rapi fasilitas ok ac tidakbisa dingin setting suhu rendah fan jetfan mohon baik overall ok terima kasih,pos
balkon puntung rokok wifi alas kamar pojok kunci toilet nya rusak kamar nya bersih tenang harga sahabat,pos
hotel bersih bagus kamar hot shower nya rusak mandi air panas overall oke,pos
tempat tenang bersih nyaman air panas shower stabilin lg,pos
kamar bersih sayang wifinya tidaksampai kamar tayang televisi buram gambar tidakjernih chanel,pos
kamar bersih rapi kamar mandi suka bau moga depan over all oke,pos
kamar bersih nyaman air panas tidakberfungsi inap mohon baik,pos
kamar mandi bersih wangi,pos
kamar bersih unik sayang posisi tidur atas tinggal barang toilet turun tangga turun tangga bikin capek pas dtang ac dingin mbak sana rusak tunggu service nya pas tukang service ac nya rusak,pos
kamar bersih rapi sayang hot water nya fungsi suasana gelap sepi,pos
nyaman lumayan bersih menu sarap variasi hot spot wifi tambah,pos
kamar nya bersih nya nyaman toilet nya ya lumayan bersih kloset air nya rusak kendala kloset air panas lantai terima kasih airy,pos
kali inap tempat worth harga kamar bersih kamar mandi bersih masalah air panas overall recommended,pos
kamar bersih rapi kamar mandi lumayan makan enak murah sayang wifinya lot thx,pos
nyaman ruang bersih luas wifi tidakjalan alias lelet,pos
bagus bersih bau aroma kamar,pos
kamar bagus bersih wifi lancar siar tv,pos
kamar bersih luas sayang wifi kamar,pos
lokasi hotel tidakdi jalan utama kamar tidaktersedia telepon operator kost kondisi kamar bersih free wifi,pos
kamar bersih bentuk unik sinyal tv tidakjernih,pos
airy progo bangun hotel progo renovasi berisik breakfast jam laku khusus check out seblm breakfast brkt seblm jam pagi kamar luas ac dingin bersih toilet tua tidakada water heater moga renovasi,pos
kamar bersih bau asal lemari pakai alhasil lemari kepake takut bau ngikut biaya tambah orang sarap ukur hotel bintang,pos
bersih nyaman cuman wifi lot banget makasih,pos
kali inap hotel kamar ac indak dingin serasa tidakada ac nya kamar suara dingin kamar berisik selaen ac tidakpernah dingin makan bersih muas,pos
kamar bersih toilet cacing,pos
lumayan murah diskon bersih nyaman privat kurang da hot water restaurant for all ok,pos
kamar bersih tlong siar tv nya baik tonton gara chanel nya parkir aman was was mskpun cctv top banget deh terima kasih playanan nya,pos
bersih rapi lumayan bagus kamar nya nyaman istirahat semut malam air panas nya dingin pintu langsung lobby resepsionis turun basement betah tidur,pos
puas inap hotel segi harga jangkau acbagus aman bagus bersih bagus air panas panas,pos
kamar bersih ac dingin ganti homestay kamar lift wifi lambat breakfast kasih piring sesuai harga,pos
kamar nya luas bersih nyaman wifi baik serig putus,pos
kamar bersih nyaman sesuai tawar fasilitas ac mati wifi tidakbisa conect kamar sempit,pos
lokasi hotel strategis mall suka kamar tidakterlalu luas bersih kamar mandi sempit hot shower air panas menu breakfast variasi enak wifi tidakbs konek,pos
kamar bagus bersih breakfast lumayan pilih air kamar mandi nya bau warna kuning,pos
kamar bersih hotel wifi parah makan tidakada variasi oke posisi strategis mana,pos
kamar luas bersih air panas tidakfungsi,pos
tempat nyaman bersih lemari nya bau over all is ok,pos
kamar nyaman bersih lobby parkir baik,pos
nyaman bersih tv bagus tonton ac dingin,pos
jatimpark kamar bersih guest house renovasi debu bawa bayi hotel jatimpark,pos
nyaman bersih air hangat nya hangat dingin,pos
kamar wangi bersih nyaman ac dingin mas,pos
bersih nyaman wifi nyala wakfu,pos
ruang bersih akses mudah posisi lantai sesuai kriteria airy tidaktersedia air panas hot shower bang,pos
kamar nyaman luas bersih wifi air panas,pos
bagus nyaman bersih salur chanel tv nya tambah biar tonton siar tv sih lebih good,pos
kamar nyaman bersih kolam renang d sih lumayan kotor,pos
hotel bagus sayang masuk bau rokok lobby nya internet lambat mohon tingkat tv kabel mohon tingkat kamar bersih nyaman sarap variatif lezat kolam renang betah sayang warga bkn sewa hotel ikut renang ramai anak usia tanggung,pos
bangun bersih ok jalan utama harum toilet tq,pos
wifi gratis lobby kamar mandi serangga kamar bau rokok channel tv lengkap kamar bersih sandal hotel putus,pos
sesuai ekspektasi kamar bersih sempit kamar mandi bersih sayang tidakada air hangat cocok backpacker harga murah,pos
lokasi strategis murah cocok neko neko cari tidur bersih bau sedap toilet ganggu,pos
bagus mumer bersih air hangat mandi aja,pos
kamar rapi bersih wangi wifi tidaksampai kamar air hangat keran shower bocor mohon tingkat,pos
bangun kos kosan kamar bersih kamar mandi kotor suasana sepi enak istirahat sulit,pos
tempat bersih acnya dingin,pos
kamar nyaman bersih air panas sarap but overall,pos
nyaman rapi bersih ac dingin,pos
proses check cepat kamar bersih sedia air hangat inap wifi mati tv tidakbisa nyala,pos
kamar bersih air panas lancar siar tv lokal lebih nya ok deh,pos
kamar bagus rapi bersih nyaman pokok air panas keluar overall bagus,pos
kamar bersih lumayan banget harga segitu fasilitas oc tayang salur tvnya bersih lampu kali mati tangan sip ribut suara dengar kamar,pos
nyaman bersih wifinya kamar,pos
hotel strategis kmr bersih hotel renovasi dinding kmr kotor tembok cat ngelupas awat,pos
hai awat d kamar mandi ruang bersih nyamuk byk,pos
lumayan bersih nyaman showernya rusak air setel hangat panas bentar dingin panas dst,pos
kamar bersih luas kayak kosong suasana nya cuman bau kmr apek semprot harum masuk terang menu sarap sesuai harga kmr maklum,pos
kamar bagus bersih cuman jendela air panas pakai air dingin air overall kalo malam sih,pos
tidur ruang bersih ac tidakberfungsi,pos
tambah harum lemari overall kamar bersih banget nyaman fasilitas lengkap ac dingin sedia line telepon mesan taksi letak jalan raya,pos
ac nya dingin sendal nyaman bersih nyaman jakut hotel airy nya,pos
nyaman bersih kurang ac nya dingin,pos
kamar bersih air mandi panas over all good,pos
kamar bersih nyaman tingkat layan air panas mandi kamar nya view,pos
kamar bersih ac dingin sok far sok good,pos
kamar mandi bersih wangi channel televisi pakai antena kamar bersih wangi terima kasih lemari bau apek lembab,pos
tempat rapi bersih hot shower sedia,pos
sesuai gambar bersih ac dingin wifi kencang channel tv,pos
kamar luas bersih kamar mandi awat sarap variasi lokasi pinggir jalan mini market,pos
kamar bersih banget nyaman segar alam inap senang,pos
suasana kamar bersih rapi kesan senang inap,pos
bersih kamar jaga aman nyaman inap airy rooms,pos
kamar awat bersih suasana nyaman segar istirahat,pos
kesan kamar bersih awat alam inap senang,pos
hotel bersih tidakdiragukan,pos
kes peduli bersih kamar bersih,pos
suka suasana bersih rapi hotel,pos
bersih kamar muas nyaman,pos
layan hotel bersih jaga alam inap senang,pos
utama bersih sudut hotel,pos
senang standar bersih,pos
kamar mandi bersih handuk ganti,pos
bersih harga tamu,pos
area hotel jaga bersih kesan,pos
temu cela sedikit kait bersih,pos
staff hotel peduli bersih nyaman tamu,pos
suasana bersih hotel,pos
perhati detail bersih,pos
tertib bersih jaga inap istimewa,pos
aman nyaman berkat bersih jaga,pos
tidakada debu kotor kamar bersih,pos
konsisten tahan standar bersih,pos
bersih kamar fasilitas hotel muas,pos
salah hotel tingkat bersih tinggi kunjung,pos
kes tingkat bersih sudut hotel,pos
hotel hilang fokus bersih kesan,pos
bersih tenang santai inap,pos
kamar bersih sempurna layan,pos
utama bersih standar,pos
nyaman bersih jaga,pos
kali inap bersih prioritas utama,pos
lobi kamar bersih awat,pos
fasilitas hotel bersih rapi,pos
staf perhati detail bersih alam inap,pos
bersih hotel layak acung jempol muas,pos
kamar awat tidakada keluh kait bersih,pos
abai bersih ramai unjung,pos
segar bersih udara hotel jaga,pos
muka bersih steril harga,pos
hotel investasi upaya tahan bersih,pos
bersih hotel lampau harap impresif,pos
bersih hotel milik kompromi,pos
kamar mandi bersih awat,pos
aman segi bersih sanitasi inap,pos
bersih rumah,pos
hotel contoh bagus jaga bersih,pos
sungguh sungguh jaga bersih konsisten cela sedikit,pos
puas tingkat bersih jaga,pos
bersih tidakpernah abai hotel,pos
sudut hotel bersih tata rapi,pos
kualitas bersih kamar tidakpernah kecewa,pos
serius alam bersih tamu,pos
tidakada ganggu tingkat bersih,pos
bersih hotel patut acung jempol layak rekomendasi,pos
bersih,neg
kecewa hotel bad image bersih berisik,neg
kamar mandi tingkat showernya nyala,neg
banget kamar sawang bedebu lamou kamar mandi mmati kamar mandi bersih parah deh,neg
bersih,neg
bersih kamar tingkat ya kusen jendela kotor banget tidakpernah,neg
tempat sih strategis jual makan kamar sempit kamar mandi bau kran air karat air tidaklancar hewan kamar mandi kecoak kelabang mati kecewa tidakmemuaskan,neg
murah nyaman toilet kotor,neg
nginap kemarin tidur bersih,neg
kamar mandi bersih,neg
lumayan kamar mandi bersih bau,neg
lantai tidur bersih akses sulit,neg
bersih nya tingkat kamar nya doang bersihin nya perhatiin,neg
nyaman shower closet duduk tidakada bersih kesan,neg
tempat strategis luas jorok,neg
wastafel macet kamar bersih lemari sawang,neg
tingkat bersih,neg
bersih kamar perhati,neg
kamar tidakdiperhatikan bersih,neg
kamar luas lokasi strategis dkt kampus mall tempag makan kamar mandi kotor d,neg
kamar kuranf bagus lampu tidaksemuanya nyala petang ruang bau kamar mandi kotor,neg
kamar tidakbersih,neg
kamar panas lantai kamar kotor alat housekeping letak lorong hotel,neg
kamar mandi tolong perhati bersih bau closet ya makasih,neg
kamar bau rokok air kamar mandi bocor kamar ac dingin maaf komplain jaga kualitas,neg
kecoa kamar mandi ac dingin air panas malam nyala,neg
air bau banget lantai kotor tidakbisa solat,neg
kamar mandi bersih air asin,neg
kamar nya lumayan wifi nya kamar kamar mandi bau jorok,neg
pintu kamar bekas congkel kamar mandi bersih lemari baju tidakberpenutup lepas lampu kamar remang,neg
kamar nya kotor gelap lantai nya tidakpernah pel,neg
kamar mandi kotor,neg
closet nya rusak kamar mandi tidakbersih lemari jamur tidakbersih alas tidur kotor nyamuk,neg
bersih selimut kamar perhati overall not bad,neg
bersih aja,neg
kamar tidaksesuai gambar tampil kotor,neg
jaga bersih trims,neg
kalo itinerary putar minyak nya ok relatif mana kamar mandi tingkat bersih nya ok,neg
kamar jarang dibersihin,neg
tv chanel toilet masalah,neg
nyaman lantai kaca kamar mandi inap bersih,neg
wcnya lumut bikin jijik,neg
kamar bersih,neg
airy nya bagus cuman hotel gajah mada nya tua kamar mandi bau debu tida,neg
ac nya panas tidakdingin bersih,neg
overall oke overpriced kayak debu nyamuk serin,neg
very nice rambut,neg
tidakrekomendasi kamar no tembok kotor nyamuk wc bau kamar mandi jorok,neg
air panas nyala wc bersih,neg
air kotor lampu kamar redup kamar mandi bersih,neg
kaca kamar mandi kotor,neg
kasur debu,neg
furniturenya bagus sayang lift pakai kamar bersih kamar mandi tumbuh jamur overall lumayan harga segitu,neg
tidaksesuai gambar bersih tingkat,neg
wifi tidakada kamar mandi bersih,neg
nyaman parkirn aman ac wifii air mandi lancar rada kecewa lantai kamar keramik kamar mandi sdikit kotor langit nya overal kalo tinggal sih okee,neg
ruh ya harga promo murah kamar sempit properti usang,neg
tidaklayak tua debu panas pakai kipas angin kecewa,neg
bagus bersih kirang rambut bantal,neg
standard airy bagus kunjung kamar improve standar bersih cahaya terang teknologi lampu led murah tingkat occupansi spoky kamar sih luas remaja lihat kamar sila lihat youtube alfalegro jalan jalan,neg
strategis sayang bersih tidur lebih sesuai harga,neg
lampu terang lantai kamar pel moga terima kasih,neg
kloset kamar mandi bersih air panas tidakpanas pagi air dingin,neg
kamar ruang tamu luas lokasi strategis bersih tingkat,neg
bersih tolong perhati better harga segitu jangkau,neg
desain suka bal banget makan murah lumayan sampai wc nya seram sih kotor wc nya pasir mana pw sih hotel santai kursi,neg
overall okay kloset jorok air panas stabil,neg
kamar mandi rawat nyaman,neg
kamar bersih sarap aja,neg
langit langit kamar mandi bocor baik wifi jangkau kayu pintu jendela sip air aroma kamar lembab binatang semut makan kayu muncul cari bal,neg
lihat kamar bersih ya kursi meja debu,neg
kursi tidakbisa pakai jadi ganjal meja toilet becek ac berisik kolong kasur kotor sampah,neg
kondisi kamar mandi bagus air lengket bangun mohon tingkat bersih kamar lebih oke terima kasih,neg
kondisi kamar sapu kolong kasur sampah kloset kotor bekas pipis siram jorok tolong tamu cek periksa kamar,neg
kamar tidaksesuai foto kotor awat foto tipu,neg
bersih debu bulu rambut tidur,neg
luas kamarnyaa kamar mandi bersihh trimakasih airy,neg
lumayan murah ac tidakdingin kamar mandi bersih lingkung kamar bersih,neg
kualitas furnitur bersih tingkat,neg
tempat kotor remote tv tidakberfungsi ac bocor tidakada remote,neg
bersih kamar mohon perhati dalam kamar bau toilet sengat,neg
kamae mandi bersih puntung rokok kamar tidur bau tidaksedap ac dingin view enak jg,neg
debu tarik,neg
kemarin kunci nya rusak kalo masuksusah buka nya wc nya kemarin kotor,neg
bersih serangga,neg
kamar mandi temu darah tempel selang siram wc nya,neg
lumayan nyaman ac dingin bersih tingkat,neg
lemari kamar ya tolong biar debu remah remah bangun,neg
bersih sih kamar maaf kamar mandi brsih bekas rambut buang air wastapelnya kotor rambut,neg
inap malam airy eco sleman jembatan merah first impression masuk dalam kamar kecewa kamar tidakterlalu luas pesan family room kamar mandi bau room mate keset kaki bau sih toilet kotor bau kecewa,neg
kamar tidaksesuai harap ac kotor ubin angkat bahaya injak toilet kecoa general cleaning kala fasilitas buruk,neg
toilets kotor n jalan pool kotor sekli kayak kolam ikan wifi telepon d pakai all is bad,neg
kamar tidakbersih gelap bau serangga nyamuk,neg
kamar kotor ac panas langsung checkout terimakasih,neg
lokasi bagus kamar bersih,neg
kamar bersih,neg
kamar bersih tikus dalam kamar gigit jempol kaki,neg
lokasi strategis kamar sempit kotor,neg
booking kmr sabtu air mati shg mandi urus kamar kamar mandi kotor ranjang bersih kamar lumayan prncahayaan ruang kirang lampu,neg
temu sarang laba laba sudut kamar tidakdilakukan bersih,neg
kamar mandi kotor tidakterawat,neg
lantai kamar lengket kotor tidaknyaman,neg
kecewa kualitas bersih linen selimut kamar,neg
kamar cium bau tidaksedap alam inap tidakmenyenangkan,neg
fasilitas lift tangga kotor tidakterawat,neg
bersih ruang makan hotel buruk meja tidakdibersihkan,neg
temu noda kotor sofa kamar,neg
area kolam renang kotor tidakterjaga bersih,neg
alam check buruk kamar kotor beranta,neg
debu ventilasi ac jaga bersih,neg
kamar kumuh tidakterawat,neg
bau tidakenak lemari kamar,neg
bersih kamar perhati sudut sudut ruang,neg
temu bekas makan tamu lemari es,neg
bersih linen handuk sedia kecewa,neg
rambut sebar lantai kamar tanda bersih optimal,neg
kondisi kamar standar bersih harap,neg
guna produk bersih tidaktepat tinggal aroma senang kamar,neg
bersih jendela kamar jaga debu tempel,neg
area parkir kotor tidakterawat,neg
layan housekeeping lambat bersih kamar,neg
guna wangi ganggu alergi kesan bersih,neg
temu bekas makan tidur tidakdibersihkan,neg
bersih handuk sedia kamar prihatin,neg
kecewa kualitas bersih kamar mandi noda tidakhilang,neg
kamar temu sampah tidakdibersihkan bak sampah,neg
bersih linen tidur buruk noda tidakbisa abai,neg
kecewa lantai kamar lengket kotor,neg
guna alat bersih tidaktepat tinggal jejak noda muka meja,neg
bersih kamar kecewa temu debu,neg
kecewa kamar tidakdibersihkan datang,neg
bau tidaksedap kamar alam inap tidakmenyenangkan,neg
sayang bersih kamar mandi jaga,neg
tidakmenduga temu noda linen tidur,neg
layan housekeeping kamar tidakdibersihkan,neg
temu rambut wastafel lantai kamar jijik,neg
bersih kamar buruk debu penjuru,neg
tidaknyaman kesan bersih jaga area hotel,neg
layan bersih muas handuk ganti kotor kamar tidakdibersihkan,neg
alam check kali kecewa kamar kotor,neg
kamar kusam awat segi bersih,neg
inap kamar tidakbersih tidaknyaman,neg
bekas bekas noda tidakdibersihkan meja kursi kamar,neg
alam buruk bersih kamar pada,neg
temu kotor karpet kamar kecewa,neg
bathroom amenities tidakdiganti higienis,neg
kecewa bersih kamar tidaksebanding harga bayar,neg
bau tidaksedap koridor kesan kurang perhati bersih,neg
sayang bersih kamar mandi tidakterjaga,neg
